GEN_BUS,PG,QG,QMAX,QMIN,VG,MBASE,GEN_STATUS,PMAX,PMIN,PC1,PC2,QC1MIN,QC1MAX,QC2MIN,QC2MAX,RAMP_AGC,RAMP_10,RAMP_30,RAMP_Q,APF,MU_PMAX,MU_PMIN,MU_QMAX,MU_QMIN
1,212.230551,0.000870415443,10,0,1.05999986,100,1,360.2,0,0,0,0,0,0,0,0,0,0,0,0,0,0,0,0.127813732
2,36.2280916,27.1747256,50,-40,1.0394744,100,1,140,0,0,0,0,0,0,0,0,0,0,0,0,0,0,0,0
5,29.3494859,29.9477604,40,-40,1.0129335,100,1,100,0,0,0,0,0,0,0,0,0,0,0,0,0,0,0,0
8,12.9380977,39.9987005,40,-10,1.01293667,100,1,100,0,0,0,0,0,0,0,0,0,0,0,0,0,0,0.10076906,0
11,4.39523202,9.091304,24,-6,1.05999847,100,1,100,0,0,0,0,0,0,0,0,0,0,0,0,0,0,0,0
13,0.000333067932,7.72775611,24,-6,1.05999835,100,1,100,0,0,0,0,0,0,0,0,0,0,0,0,0,0.347691844,0,0
