GEN_BUS,PG,QG,QMAX,QMIN,VG,MBASE,GEN_STATUS,PMAX,PMIN,PC1,PC2,QC1MIN,QC1MAX,QC2MIN,QC2MAX,RAMP_AGC,RAMP_10,RAMP_30,RAMP_Q,APF
1,260.956948,-20.4178835,10,0,1.06,100,1,360.2,0,0,0,0,0,0,0,0,0,0,0,0
2,40,56.0694618,50,-40,1.045,100,1,140,0,0,0,0,0,0,0,0,0,0,0,0
5,0,35.6587907,40,-40,1.01,100,1,100,0,0,0,0,0,0,0,0,0,0,0,0
8,0,36.1112665,40,-10,1.01,100,1,100,0,0,0,0,0,0,0,0,0,0,0,0
11,0,16.057446,24,-6,1.082,100,1,100,0,0,0,0,0,0,0,0,0,0,0,0
13,0,10.4507186,24,-6,1.071,100,1,100,0,0,0,0,0,0,0,0,0,0,0,0
