GEN_BUS,PG,QG,QMAX,QMIN,VG,MBASE,GEN_STATUS,PMAX,PMIN,PC1,PC2,QC1MIN,QC1MAX,QC2MIN,QC2MAX,RAMP_AGC,RAMP_10,RAMP_30,RAMP_Q,APF,MU_PMAX,MU_PMIN,MU_QMAX,MU_QMIN
1,245.638507,-16.1,10,0,1.06,100,1,360.2,0,0,0,0,0,0,0,0,0,0,0,0,0,0,0,0
2,37.7614923,50,50,-40,1.045,100,1,140,0,0,0,0,0,0,0,0,0,0,0,0,0,0,0,0
5,5.74893814e-08,37,40,-40,1.01,100,1,100,0,0,0,0,0,0,0,0,0,0,0,0,0,1.11925385,0,0
8,5.74893814e-08,37.3,40,-10,1.01,100,1,100,0,0,0,0,0,0,0,0,0,0,0,0,0,1.11925385,0,0
11,5.74893814e-08,16.2,24,-6,1.082,100,1,100,0,0,0,0,0,0,0,0,0,0,0,0,0,1.11925385,0,0
13,5.74893814e-08,10.6,24,-6,1.071,100,1,100,0,0,0,0,0,0,0,0,0,0,0,0,0,1.11925385,0,0
